User_ID,Purchase_Frequency,Avg_Purchase,Total_Spend,Unique_Categories,Segment,CLV,Churn_Risk
1000004,14,14747.714285714286,206468,2,0,412936.0,True
1000007,17,13804.0,234668,4,0,938672.0,True
1000012,11,10981.90909090909,120801,6,0,724805.9999999999,True
1000014,13,9817.615384615385,127629,5,0,638145.0,True
1000016,22,6840.454545454545,150490,6,0,902940.0,True
1000020,12,15478.916666666666,185747,3,0,557241.0,True
1000021,14,9078.5,127099,6,0,762594.0,True
1000032,24,9543.708333333334,229049,9,0,2061441.0,True
1000041,16,9177.5,146840,7,0,1027880.0,True
1000043,14,9851.142857142857,137916,6,0,827496.0,True
1000046,21,6606.142857142857,138729,5,0,693645.0,True
1000047,14,9378.785714285714,131303,4,0,525212.0,True
1000050,25,7952.4,198810,9,0,1789290.0,True
1000051,25,8030.88,200772,8,0,1606176.0,True
1000054,24,7810.458333333333,187451,6,0,1124706.0,True
1000055,14,9594.285714285714,134320,7,0,940240.0,True
1000061,20,7818.0,156360,6,0,938160.0,True
1000064,16,13187.25,210996,6,0,1265976.0,True
1000066,21,10715.619047619048,225028,8,0,1800224.0,True
1000071,16,9819.0625,157105,5,0,785525.0,True
1000077,22,6720.318181818182,147847,7,0,1034929.0,True
1000079,17,7325.764705882353,124538,8,0,996304.0,True
1000085,19,7834.1578947368425,148849,6,0,893094.0,True
1000089,14,8019.714285714285,112276,4,0,449104.0,True
1000091,24,8803.375,211281,4,0,845124.0,True
1000094,7,7041.142857142857,49288,5,0,246440.0,True
1000098,13,11885.384615384615,154510,4,0,618040.0,True
1000108,14,8633.714285714286,120872,6,0,725232.0,True
1000124,15,9066.533333333333,135998,5,0,679990.0,True
1000128,13,10724.153846153846,139414,7,0,975898.0,True
1000141,13,8850.615384615385,115058,7,0,805406.0,True
1000144,22,10638.5,234047,8,0,1872376.0,True
1000152,18,7174.333333333333,129138,5,0,645690.0,True
1000153,15,8353.6,125304,8,0,1002432.0,True
1000158,15,12338.2,185073,8,0,1480584.0,True
1000159,24,9338.708333333334,224129,8,0,1793032.0,True
1000160,10,8458.0,84580,7,0,592060.0,True
1000164,18,8655.166666666666,155793,8,0,1246344.0,True
1000168,14,9621.285714285714,134698,6,0,808188.0,True
1000171,15,13928.266666666666,208924,6,0,1253544.0,True
1000172,15,14201.066666666668,213016,7,0,1491112.0,True
1000189,20,10499.85,209997,7,0,1469979.0,True
1000191,17,6904.176470588235,117371,4,0,469484.0,True
1000196,20,11385.25,227705,8,0,1821640.0,True
1000197,17,8450.70588235294,143662,5,0,718310.0,True
1000200,15,8647.333333333334,129710,7,0,907970.0000000001,True
1000206,16,9544.5,152712,7,0,1068984.0,True
1000207,13,8747.846153846154,113722,7,0,796054.0,True
1000209,14,6197.785714285715,86769,4,0,347076.0,True
1000211,21,10699.190476190477,224683,9,0,2022147.0000000002,True
1000213,10,9818.5,98185,6,0,589110.0,True
1000217,14,10351.07142857143,144915,7,0,1014405.0,True
1000219,22,7985.045454545455,175671,6,0,1054026.0,True
1000221,19,6893.0,130967,8,0,1047736.0,True
1000226,10,9300.1,93001,3,0,279003.0,True
1000227,17,9732.29411764706,165449,6,0,992694.0,True
1000228,22,10592.772727272728,233041,10,0,2330410.0,True
1000234,21,9436.904761904761,198175,7,0,1387225.0,True
1000243,14,7655.928571428572,107183,4,0,428732.0,True
1000246,15,9002.666666666666,135040,4,0,540160.0,True
1000247,22,8180.409090909091,179969,6,0,1079814.0,True
1000248,18,13120.444444444445,236168,6,0,1417008.0,True
1000250,12,9382.333333333334,112588,6,0,675528.0,True
1000254,13,8787.23076923077,114234,6,0,685404.0,True
1000269,16,7479.875,119678,6,0,718068.0,True
1000276,18,9549.833333333334,171897,8,0,1375176.0,True
1000277,16,11002.0625,176033,7,0,1232231.0,True
1000282,15,11006.333333333334,165095,7,0,1155665.0,True
1000290,18,8946.666666666666,161040,5,0,805200.0,True
1000294,19,6707.526315789473,127443,5,0,637215.0,True
1000298,15,9151.466666666667,137272,7,0,960904.0,True
1000304,14,13060.142857142857,182842,5,0,914210.0,True
1000311,11,15059.363636363636,165653,3,0,496959.0,True
1000313,14,9183.714285714286,128572,8,0,1028576.0,True
1000315,12,7073.5,84882,5,0,424410.0,True
1000317,13,9259.692307692309,120376,6,0,722256.0000000001,True
1000318,13,9381.538461538461,121960,6,0,731760.0,True
1000320,8,11426.25,91410,5,0,457050.0,True
1000322,18,10014.0,180252,6,0,1081512.0,True
1000341,11,12546.09090909091,138007,4,0,552028.0,True
1000345,15,10313.533333333333,154703,5,0,773515.0,True
1000353,14,12202.92857142857,170841,8,0,1366728.0,True
1000356,13,10977.23076923077,142704,6,0,856224.0,True
1000359,21,9858.047619047618,207019,8,0,1656152.0,True
1000361,11,7062.181818181818,77684,5,0,388420.0,True
1000364,15,6308.4,94626,6,0,567756.0,True
1000373,19,11033.315789473685,209633,6,0,1257798.0000000002,True
1000378,23,7962.304347826087,183133,6,0,1098798.0,True
1000383,14,8423.07142857143,117923,7,0,825461.0000000001,True
1000384,17,9949.29411764706,169138,5,0,845690.0,True
1000394,19,12192.473684210527,231657,3,0,694971.0,True
1000395,10,6564.5,65645,4,0,262580.0,True
1000397,21,11184.285714285714,234870,4,0,939480.0,True
1000399,12,10420.166666666666,125042,5,0,625210.0,True
1000400,23,9723.260869565218,223635,9,0,2012715.0,True
1000407,17,9538.764705882353,162159,5,0,810795.0,True
1000417,16,10745.9375,171935,7,0,1203545.0,True
1000421,11,12121.727272727272,133339,7,0,933373.0,True
1000427,13,9839.615384615385,127915,7,0,895405.0,True
1000440,15,10342.466666666667,155137,3,0,465411.0,True
1000447,18,9283.222222222223,167098,6,0,1002588.0,True
1000448,12,8413.416666666666,100961,7,0,706727.0,True
1000455,14,9991.92857142857,139887,4,0,559548.0,True
1000458,23,10111.652173913044,232568,6,0,1395408.0,True
1000459,16,8164.4375,130631,7,0,914417.0,True
1000460,23,5832.434782608696,134146,2,0,268292.0,True
1000465,17,7663.0,130271,10,0,1302710.0,True
1000468,19,8559.736842105263,162635,5,0,813175.0,True
1000483,23,6767.434782608696,155651,8,0,1245208.0,True
1000484,19,8733.105263157895,165929,8,0,1327432.0,True
1000488,15,9941.0,149115,7,0,1043805.0,True
1000489,13,8493.923076923076,110421,5,0,552104.9999999999,True
1000491,10,9803.0,98030,5,0,490150.0,True
1000492,15,7454.133333333333,111812,3,0,335436.0,True
1000497,18,8203.111111111111,147656,7,0,1033592.0,True
1000502,15,8924.066666666668,133861,5,0,669305.0,True
1000503,16,10387.375,166198,6,0,997188.0,True
1000507,21,8703.285714285714,182769,7,0,1279383.0,True
1000511,14,9249.5,129493,5,0,647465.0,True
1000512,23,6883.0,158309,6,0,949854.0,True
1000527,12,7237.25,86847,3,0,260541.0,True
1000532,16,11752.5625,188041,7,0,1316287.0,True
1000535,11,9116.09090909091,100277,9,0,902493.0000000001,True
1000540,24,9386.208333333334,225269,7,0,1576883.0,True
1000545,19,8107.1578947368425,154036,8,0,1232288.0,True
1000554,18,7037.666666666667,126678,6,0,760068.0,True
1000559,11,8769.545454545454,96465,6,0,578790.0,True
1000561,19,8242.315789473685,156604,9,0,1409436.0000000002,True
1000564,23,9314.0,214222,9,0,1927998.0,True
1000565,14,7206.357142857143,100889,7,0,706223.0,True
1000568,17,12581.35294117647,213883,5,0,1069415.0,True
1000572,10,6078.9,60789,7,0,425523.0,True
1000573,22,9824.772727272728,216145,5,0,1080725.0,True
1000574,11,12030.181818181818,132332,5,0,661660.0,True
1000578,14,11077.642857142857,155087,6,0,930522.0,True
1000589,17,9278.411764705883,157733,6,0,946398.0,True
1000592,14,16776.571428571428,234872,4,0,939488.0,True
1000596,23,7118.260869565217,163720,9,0,1473480.0,True
1000598,18,8899.555555555555,160192,9,0,1441728.0,True
1000599,18,9109.722222222223,163975,7,0,1147825.0,True
1000600,17,8160.294117647059,138725,7,0,971075.0,True
1000606,21,8644.047619047618,181525,5,0,907625.0,True
1000607,10,11601.9,116019,4,0,464076.0,True
1000617,15,9239.066666666668,138586,5,0,692930.0,True
1000619,18,7629.166666666667,137325,5,0,686625.0,True
1000625,22,7637.181818181818,168018,7,0,1176126.0,True
1000627,24,9810.916666666666,235462,8,0,1883696.0,True
1000632,16,12430.3125,198885,4,0,795540.0,True
1000640,14,9396.07142857143,131545,7,0,920815.0,True
1000642,18,10052.722222222223,180949,10,0,1809490.0,True
1000653,15,7451.733333333334,111776,4,0,447104.0,True
1000665,17,7189.235294117647,122217,6,0,733302.0,True
1000675,24,6429.625,154311,7,0,1080177.0,True
1000680,21,8921.42857142857,187350,5,0,936749.9999999999,True
1000681,21,10476.190476190477,220000,6,0,1320000.0000000002,True
1000686,14,10441.57142857143,146182,5,0,730910.0,True
1000688,21,9020.52380952381,189431,5,0,947155.0,True
1000694,18,7622.166666666667,137199,7,0,960393.0,True
1000700,19,11922.473684210527,226527,8,0,1812216.0,True
1000703,12,8527.333333333334,102328,8,0,818624.0,True
1000708,6,9770.833333333334,58625,6,0,351750.0,True
1000717,23,8346.608695652174,191972,10,0,1919720.0,True
1000719,18,7661.222222222223,137902,5,0,689510.0,True
1000723,13,9062.076923076924,117807,8,0,942456.0000000001,True
1000734,25,8098.08,202452,8,0,1619616.0,True
1000738,24,9533.75,228810,7,0,1601670.0,True
1000745,13,7686.153846153846,99920,6,0,599520.0,True
1000751,17,9866.64705882353,167733,7,0,1174131.0,True
1000758,21,9112.952380952382,191372,5,0,956860.0,True
1000761,12,12833.416666666666,154001,5,0,770005.0,True
1000763,15,11264.666666666666,168970,7,0,1182790.0,True
1000771,13,8992.76923076923,116906,7,0,818342.0,True
1000775,12,9042.0,108504,4,0,434016.0,True
1000782,16,9640.375,154246,8,0,1233968.0,True
1000784,16,8539.6875,136635,5,0,683175.0,True
1000790,10,14363.6,143636,3,0,430908.0,True
1000794,25,7789.88,194747,3,0,584241.0,True
1000799,23,9859.739130434782,226774,8,0,1814192.0,True
1000804,22,9143.681818181818,201161,8,0,1609288.0,True
1000807,16,9536.0,152576,6,0,915456.0,True
1000821,11,7498.545454545455,82484,6,0,494904.0,True
1000825,21,7215.238095238095,151520,7,0,1060640.0,True
1000826,18,9915.555555555555,178480,5,0,892400.0,True
1000827,14,9560.357142857143,133845,6,0,803070.0,True
1000833,12,10572.083333333334,126865,5,0,634325.0,True
1000835,15,7572.266666666666,113584,7,0,795088.0,True
1000841,15,8362.533333333333,125438,4,0,501752.0,True
1000842,17,9529.529411764706,162002,7,0,1134014.0,True
1000852,16,8748.4375,139975,6,0,839850.0,True
1000860,21,6634.952380952381,139334,5,0,696670.0,True
1000866,18,8827.833333333334,158901,7,0,1112307.0,True
1000870,20,6520.15,130403,6,0,782418.0,True
1000874,14,6916.357142857143,96829,6,0,580974.0,True
1000883,22,7987.454545454545,175724,4,0,702896.0,True
1000886,23,8277.565217391304,190384,8,0,1523072.0,True
1000892,16,11150.875,178414,6,0,1070484.0,True
1000898,14,10450.285714285714,146304,4,0,585216.0,True
1000900,15,6862.466666666666,102937,4,0,411748.0,True
1000901,16,6969.0625,111505,6,0,669030.0,True
1000902,10,12049.7,120497,6,0,722982.0,True
1000906,12,7684.5,92214,4,0,368856.0,True
1000907,15,11710.666666666666,175660,6,0,1053960.0,True
1000908,20,9212.6,184252,6,0,1105512.0,True
1000932,10,12184.8,121848,5,0,609240.0,True
1000941,19,5818.526315789473,110552,5,0,552760.0,True
1000942,16,9144.75,146316,5,0,731580.0,True
1000946,19,10757.78947368421,204398,9,0,1839582.0,True
1000947,9,6980.666666666667,62826,4,0,251304.0,True
1000951,14,11292.785714285714,158099,5,0,790495.0,True
1000969,16,11193.9375,179103,7,0,1253721.0,True
1000972,21,8812.333333333334,185059,8,0,1480472.0,True
1000978,20,9387.5,187750,8,0,1502000.0,True
1000986,10,6463.6,64636,3,0,193908.0,True
1000992,21,6962.666666666667,146216,5,0,731080.0,True
1000997,17,9726.529411764706,165351,7,0,1157457.0,True
1001003,17,12587.64705882353,213990,6,0,1283940.0,True
1001006,23,9652.739130434782,222013,8,0,1776104.0,True
1001023,22,7479.818181818182,164556,8,0,1316448.0,True
1001024,25,7501.0,187525,8,0,1500200.0,True
1001025,22,8954.227272727272,196993,9,0,1772937.0,True
1001037,19,7383.789473684211,140292,4,0,561168.0,True
1001039,15,5965.866666666667,89488,6,0,536928.0,True
1001045,18,4749.0,85482,5,0,427410.0,True
1001046,18,10513.0,189234,5,0,946170.0,True
1001048,25,8411.36,210284,5,0,1051420.0,True
1001049,14,9123.07142857143,127723,5,0,638615.0000000001,True
1001070,12,11307.25,135687,5,0,678435.0,True
1001083,14,7030.714285714285,98430,7,0,689010.0,True
1001085,21,8948.666666666666,187922,7,0,1315454.0,True
1001091,18,8741.444444444445,157346,6,0,944076.0,True
1001095,16,8119.625,129914,3,0,389742.0,True
1001098,18,10660.166666666666,191883,9,0,1726947.0,True
1001102,15,4301.333333333333,64520,8,0,516159.99999999994,True
1001111,18,8974.944444444445,161549,6,0,969294.0,True
1001118,16,7685.125,122962,5,0,614810.0,True
1001126,14,8782.57142857143,122956,6,0,737736.0000000001,True
1001144,14,10124.57142857143,141744,5,0,708720.0,True
1001154,17,8929.588235294117,151803,8,0,1214424.0,True
1001157,13,12420.461538461539,161466,4,0,645864.0,True
1001166,13,10055.923076923076,130727,4,0,522907.99999999994,True
1001171,20,11333.8,226676,8,0,1813408.0,True
1001174,16,6785.1875,108563,6,0,651378.0,True
1001178,18,6891.277777777777,124043,6,0,744258.0,True
1001180,23,10038.91304347826,230895,9,0,2078054.9999999998,True
1001187,21,7242.0952380952385,152084,7,0,1064588.0,True
1001188,15,15095.133333333333,226427,3,0,679281.0,True
1001189,20,10426.35,208527,8,0,1668216.0,True
1001190,17,10488.29411764706,178301,5,0,891505.0,True
1001192,15,9324.0,139860,7,0,979020.0,True
1001197,15,11165.133333333333,167477,8,0,1339816.0,True
1001213,18,9951.833333333334,179133,5,0,895665.0,True
1001225,14,11029.07142857143,154407,6,0,926442.0,True
1001226,18,6683.166666666667,120297,6,0,721782.0,True
1001229,18,7978.722222222223,143617,6,0,861702.0,True
1001234,11,15950.727272727272,175458,6,0,1052748.0,True
1001236,17,11476.29411764706,195097,5,0,975485.0,True
1001237,16,8929.5,142872,7,0,1000104.0,True
1001240,14,9595.857142857143,134342,6,0,806052.0,True
1001247,18,12705.0,228690,8,0,1829520.0,True
1001249,13,13201.846153846154,171624,5,0,858120.0,True
1001250,14,10413.857142857143,145794,7,0,1020558.0,True
1001256,16,11054.25,176868,7,0,1238076.0,True
1001269,16,8420.75,134732,7,0,943124.0,True
1001270,16,7684.0,122944,5,0,614720.0,True
1001275,14,10126.857142857143,141776,6,0,850656.0,True
1001277,20,6370.9,127418,5,0,637090.0,True
1001282,12,7820.916666666667,93851,5,0,469255.0,True
1001305,16,14766.8125,236269,4,0,945076.0,True
1001307,16,11597.3125,185557,7,0,1298899.0,True
1001309,16,10162.375,162598,7,0,1138186.0,True
1001310,13,7282.846153846154,94677,4,0,378708.0,True
1001313,17,10311.411764705883,175294,6,0,1051764.0,True
1001316,19,6925.736842105263,131589,7,0,921123.0,True
1001318,9,8945.0,80505,5,0,402525.0,True
1001319,19,7104.368421052632,134983,4,0,539932.0,True
1001326,20,10012.25,200245,5,0,1001225.0,True
1001332,17,8473.64705882353,144052,6,0,864312.0,True
1001336,11,10982.727272727272,120810,8,0,966480.0,True
1001346,18,9540.0,171720,7,0,1202040.0,True
1001351,14,10121.214285714286,141697,7,0,991879.0,True
1001363,13,9687.923076923076,125943,7,0,881600.9999999999,True
1001368,24,8372.0,200928,7,0,1406496.0,True
1001379,16,6679.5,106872,6,0,641232.0,True
1001382,20,8863.95,177279,8,0,1418232.0,True
1001384,13,10630.076923076924,138191,6,0,829146.0,True
1001385,12,9649.083333333334,115789,7,0,810523.0,True
1001394,19,5854.0,111226,6,0,667356.0,True
1001398,23,8914.130434782608,205025,9,0,1845225.0,True
1001406,13,8052.2307692307695,104679,4,0,418716.0,True
1001412,12,9775.333333333334,117304,5,0,586520.0,True
1001416,10,7060.1,70601,4,0,282404.0,True
1001417,18,7822.388888888889,140803,7,0,985621.0,True
1001429,18,7460.444444444444,134288,9,0,1208592.0,True
1001431,15,7438.733333333334,111581,6,0,669486.0,True
1001432,19,8583.473684210527,163086,7,0,1141602.0,True
1001435,22,7948.954545454545,174877,6,0,1049262.0,True
1001438,25,7258.8,181470,8,0,1451760.0,True
1001444,18,8461.722222222223,152311,5,0,761555.0,True
1001445,15,8503.6,127554,6,0,765324.0,True
1001452,11,8956.363636363636,98520,5,0,492600.0,True
1001454,11,9380.545454545454,103186,5,0,515930.0,True
1001456,14,11953.57142857143,167350,4,0,669400.0,True
1001459,15,7753.333333333333,116300,4,0,465200.0,True
1001460,20,8113.45,162269,8,0,1298152.0,True
1001462,19,8253.842105263158,156823,9,0,1411407.0,True
1001469,24,7870.875,188901,5,0,944505.0,True
1001471,10,8255.0,82550,6,0,495300.0,True
1001477,20,7571.85,151437,9,0,1362933.0,True
1001478,17,7421.588235294118,126167,7,0,883169.0,True
1001479,16,9416.6875,150667,3,0,452001.0,True
1001485,15,10086.733333333334,151301,5,0,756505.0,True
1001487,20,6230.55,124611,8,0,996888.0,True
1001488,12,12476.25,149715,5,0,748575.0,True
1001508,13,10823.307692307691,140703,6,0,844218.0,True
1001510,20,8253.95,165079,7,0,1155553.0,True
1001512,20,8407.75,168155,6,0,1008930.0,True
1001515,15,8948.6,134229,7,0,939603.0,True
1001518,11,14853.636363636364,163390,7,0,1143730.0,True
1001520,14,12157.214285714286,170201,5,0,851005.0,True
1001526,20,7581.35,151627,6,0,909762.0,True
1001529,13,11764.76923076923,152942,4,0,611768.0,True
1001531,19,7584.578947368421,144107,9,0,1296963.0,True
1001534,11,6832.090909090909,75153,4,0,300612.0,True
1001535,16,6674.0625,106785,4,0,427140.0,True
1001536,23,8653.95652173913,199041,8,0,1592328.0,True
1001537,17,10723.176470588236,182294,6,0,1093764.0,True
1001539,16,13347.1875,213555,7,0,1494885.0,True
1001541,18,12356.111111111111,222410,5,0,1112050.0,True
1001548,24,7537.666666666667,180904,6,0,1085424.0,True
1001549,11,7079.818181818182,77878,7,0,545146.0,True
1001550,16,8910.5,142568,7,0,997976.0,True
1001554,16,10466.4375,167463,7,0,1172241.0,True
1001558,14,16297.57142857143,228166,4,0,912664.0,True
1001562,17,4797.176470588235,81552,5,0,407760.0,True
1001565,25,6172.0,154300,3,0,462900.0,True
1001566,12,8804.5,105654,4,0,422616.0,True
1001568,14,9203.0,128842,8,0,1030736.0,True
1001573,16,7045.25,112724,4,0,450896.0,True
1001580,17,6209.64705882353,105564,7,0,738948.0,True
1001581,25,6861.96,171549,6,0,1029294.0,True
1001582,13,9242.153846153846,120148,4,0,480592.0,True
1001590,21,9739.047619047618,204520,6,0,1227120.0,True
1001596,12,8154.166666666667,97850,6,0,587100.0,True
1001604,20,10454.35,209087,5,0,1045435.0,True
1001610,17,9412.0,160004,6,0,960024.0,True
1001612,12,8016.583333333333,96199,4,0,384796.0,True
1001615,14,6763.357142857143,94687,4,0,378748.0,True
1001619,20,8643.4,172868,3,0,518604.0,True
1001621,11,6815.272727272727,74968,6,0,449808.0,True
1001622,15,8829.2,132438,3,0,397314.0,True
1001633,21,6941.9047619047615,145780,9,0,1312020.0,True
1001651,19,8354.894736842105,158743,7,0,1111201.0,True
1001652,16,7524.25,120388,6,0,722328.0,True
1001653,11,8359.0,91949,6,0,551694.0,True
1001656,16,11141.0,178256,7,0,1247792.0,True
1001661,20,9350.35,187007,7,0,1309049.0,True
1001662,11,10547.636363636364,116024,9,0,1044216.0,True
1001668,19,11030.947368421053,209588,7,0,1467116.0,True
1001669,18,6430.277777777777,115745,5,0,578725.0,True
1001674,16,5927.375,94838,4,0,379352.0,True
1001677,21,8053.523809523809,169124,8,0,1352992.0,True
1001682,16,11747.375,187958,6,0,1127748.0,True
1001686,19,8743.21052631579,166121,5,0,830605.0,True
1001703,17,12128.764705882353,206189,6,0,1237134.0,True
1001704,19,10917.894736842105,207440,6,0,1244640.0,True
1001708,15,11028.533333333333,165428,7,0,1157996.0,True
1001711,14,6910.0,96740,5,0,483700.0,True
1001713,16,8045.1875,128723,6,0,772338.0,True
1001719,20,6388.75,127775,7,0,894425.0,True
1001725,19,10858.78947368421,206317,7,0,1444219.0,True
1001730,10,6701.0,67010,6,0,402060.0,True
1001751,16,10513.1875,168211,7,0,1177477.0,True
1001754,22,6917.409090909091,152183,5,0,760915.0,True
1001763,20,9007.6,180152,5,0,900760.0,True
1001766,14,7785.5,108997,4,0,435988.0,True
1001772,19,8408.0,159752,5,0,798760.0,True
1001774,24,9159.375,219825,5,0,1099125.0,True
1001782,20,8116.3,162326,8,0,1298608.0,True
1001787,14,7737.357142857143,108323,5,0,541615.0,True
1001788,24,7785.458333333333,186851,9,0,1681659.0,True
1001792,20,8106.3,162126,6,0,972756.0,True
1001795,17,11514.529411764706,195747,5,0,978735.0,True
1001801,14,9625.0,134750,7,0,943250.0,True
1001808,19,8877.368421052632,168670,8,0,1349360.0,True
1001809,25,7552.64,188816,7,0,1321712.0,True
1001813,10,7003.7,70037,5,0,350185.0,True
1001815,20,8728.6,174572,8,0,1396576.0,True
1001821,14,11766.214285714286,164727,7,0,1153089.0,True
1001823,13,6553.923076923077,85201,5,0,426005.0,True
1001829,20,8356.85,167137,8,0,1337096.0,True
1001832,25,7905.76,197644,6,0,1185864.0,True
1001838,15,9706.733333333334,145601,6,0,873606.0,True
1001840,16,14835.6875,237371,7,0,1661597.0,True
1001844,14,7127.857142857143,99790,5,0,498950.0,True
1001847,20,10851.1,217022,7,0,1519154.0,True
1001848,15,7283.733333333334,109256,6,0,655536.0,True
1001849,15,13484.8,202272,3,0,606816.0,True
1001859,25,9329.4,233235,9,0,2099115.0,True
1001862,21,9866.333333333334,207193,8,0,1657544.0,True
1001864,15,7492.466666666666,112387,8,0,899096.0,True
1001872,18,10004.333333333334,180078,9,0,1620702.0,True
1001876,17,7916.470588235294,134580,6,0,807480.0,True
1001886,11,9581.454545454546,105396,6,0,632376.0,True
1001888,17,10152.882352941177,172599,7,0,1208193.0,True
1001892,11,10604.363636363636,116648,6,0,699888.0,True
1001898,16,8404.125,134466,7,0,941262.0,True
1001900,24,8220.291666666666,197287,7,0,1381009.0,True
1001906,12,8978.916666666666,107747,8,0,861976.0,True
1001907,9,10320.888888888889,92888,5,0,464440.0,True
1001911,17,8511.29411764706,144692,10,0,1446920.0,True
1001914,13,7774.538461538462,101069,5,0,505345.0,True
1001915,17,7719.882352941177,131238,7,0,918666.0,True
1001918,10,6894.1,68941,5,0,344705.0,True
1001927,9,8502.555555555555,76523,2,0,153046.0,True
1001929,15,7524.266666666666,112864,6,0,677184.0,True
1001933,20,8678.55,173571,5,0,867855.0,True
1001936,19,8315.052631578947,157986,6,0,947916.0,True
1001953,21,7807.952380952381,163967,9,0,1475703.0,True
1001955,23,7312.0,168176,4,0,672704.0,True
1001964,16,9470.0625,151521,8,0,1212168.0,True
1001967,16,6883.75,110140,3,0,330420.0,True
1001971,17,9309.0,158253,6,0,949518.0,True
1001973,21,9596.619047619048,201529,10,0,2015290.0,True
1001979,23,8511.739130434782,195770,8,0,1566160.0,True
1001986,13,13544.461538461539,176078,7,0,1232546.0,True
1001987,23,10249.08695652174,235729,6,0,1414374.0000000002,True
1001989,18,9067.666666666666,163218,8,0,1305744.0,True
1001990,24,9169.0,220056,5,0,1100280.0,True
1001991,12,11928.583333333334,143143,6,0,858858.0,True
1001993,10,6739.4,67394,5,0,336970.0,True
1001994,15,10959.6,164394,7,0,1150758.0,True
1001997,24,8945.125,214683,4,0,858732.0,True
1002006,24,7119.5,170868,7,0,1196076.0,True
1002019,16,9047.4375,144759,7,0,1013313.0,True
1002028,17,9679.29411764706,164548,9,0,1480932.0,True
1002034,25,7163.44,179086,3,0,537258.0,True
1002037,9,9821.777777777777,88396,5,0,441980.0,True
1002044,14,7848.285714285715,109876,4,0,439504.0,True
1002045,11,8323.0,91553,6,0,549318.0,True
1002048,19,11388.473684210527,216381,8,0,1731048.0,True
1002049,24,8636.166666666666,207268,8,0,1658144.0,True
1002052,18,7742.833333333333,139371,7,0,975597.0,True
1002053,17,8769.941176470587,149089,9,0,1341801.0,True
1002061,9,11561.0,104049,7,0,728343.0,True
1002065,17,10270.882352941177,174605,7,0,1222235.0,True
1002074,22,9454.181818181818,207992,6,0,1247952.0,True
1002080,18,11610.888888888889,208996,6,0,1253976.0,True
1002083,19,10776.947368421053,204762,8,0,1638096.0,True
1002086,20,9393.15,187863,8,0,1502904.0,True
1002107,18,8460.833333333334,152295,7,0,1066065.0,True
1002108,16,10559.8125,168957,8,0,1351656.0,True
1002111,7,7790.857142857143,54536,5,0,272680.0,True
1002113,22,8539.681818181818,187873,6,0,1127238.0,True
1002115,18,8981.444444444445,161666,7,0,1131662.0,True
1002117,24,9722.75,233346,8,0,1866768.0,True
1002123,22,7750.772727272727,170517,5,0,852585.0,True
1002128,11,10217.545454545454,112393,6,0,674358.0,True
1002133,11,8505.636363636364,93562,7,0,654934.0,True
1002135,8,7717.25,61738,5,0,308690.0,True
1002141,11,11533.09090909091,126864,5,0,634320.0000000001,True
1002150,17,9326.70588235294,158554,5,0,792770.0,True
1002151,22,6860.227272727273,150925,5,0,754625.0,True
1002152,14,10650.57142857143,149108,3,0,447324.0,True
1002159,22,9885.772727272728,217487,10,0,2174870.0,True
1002160,9,8594.777777777777,77353,4,0,309412.0,True
1002169,19,6881.421052631579,130747,6,0,784482.0,True
1002182,12,9810.416666666666,117725,5,0,588625.0,True
1002183,23,8885.826086956522,204374,10,0,2043740.0,True
1002184,21,9161.333333333334,192388,8,0,1539104.0,True
1002189,19,9789.0,185991,10,0,1859910.0,True
1002191,17,8092.470588235294,137572,8,0,1100576.0,True
1002193,16,10557.8125,168925,5,0,844625.0,True
1002196,23,8912.608695652174,204990,9,0,1844910.0,True
1002197,25,9447.08,236177,6,0,1417062.0,True
1002204,19,9843.0,187017,7,0,1309119.0,True
1002207,9,10826.888888888889,97442,5,0,487210.0,True
1002209,15,6459.533333333334,96893,5,0,484465.0,True
1002210,24,8518.583333333334,204446,8,0,1635568.0,True
1002220,18,9575.5,172359,9,0,1551231.0,True
1002224,18,12711.777777777777,228812,9,0,2059308.0,True
1002229,18,7407.777777777777,133340,4,0,533360.0,True
1002234,12,11402.083333333334,136825,6,0,820950.0,True
1002252,14,7907.142857142857,110700,3,0,332100.0,True
1002257,21,8747.142857142857,183690,6,0,1102140.0,True
1002260,19,7031.0,133589,5,0,667945.0,True
1002268,14,8327.57142857143,116586,5,0,582930.0000000001,True
1002269,14,8714.214285714286,121999,8,0,975992.0,True
1002274,21,10054.095238095239,211136,9,0,1900224.0,True
1002275,23,8401.565217391304,193236,5,0,966180.0,True
1002283,23,7176.695652173913,165064,7,0,1155448.0,True
1002286,25,8635.6,215890,7,0,1511230.0,True
1002287,12,9485.583333333334,113827,5,0,569135.0,True
1002289,22,8307.318181818182,182761,8,0,1462088.0,True
1002292,11,10723.636363636364,117960,7,0,825720.0,True
1002295,12,12593.083333333334,151117,5,0,755585.0,True
1002296,18,8080.388888888889,145447,5,0,727235.0,True
1002311,12,8315.75,99789,7,0,698523.0,True
1002312,22,10541.772727272728,231919,9,0,2087271.0,True
1002314,21,7129.380952380952,149717,7,0,1048019.0,True
1002325,13,7177.0,93301,6,0,559806.0,True
1002328,25,7301.48,182537,7,0,1277759.0,True
1002329,25,7818.28,195457,9,0,1759113.0,True
1002336,12,8162.75,97953,5,0,489765.0,True
1002339,15,11708.866666666667,175633,3,0,526899.0,True
1002343,24,5826.666666666667,139840,7,0,978880.0,True
1002347,14,11936.07142857143,167105,5,0,835525.0,True
1002356,11,8383.818181818182,92222,5,0,461110.0,True
1002357,16,10292.5,164680,6,0,988080.0,True
1002358,19,8927.263157894737,169618,6,0,1017708.0,True
1002360,21,8170.285714285715,171576,6,0,1029456.0,True
1002363,16,13671.0,218736,6,0,1312416.0,True
1002364,18,6040.333333333333,108726,8,0,869808.0,True
1002375,20,8989.05,179781,7,0,1258467.0,True
1002377,17,13812.529411764706,234813,4,0,939252.0,True
1002379,15,10904.8,163572,7,0,1145004.0,True
1002381,15,6944.933333333333,104174,7,0,729218.0,True
1002384,13,11284.692307692309,146701,7,0,1026907.0,True
1002385,13,8509.384615384615,110622,5,0,553110.0,True
1002388,15,15413.2,231198,1,0,231198.0,True
1002392,18,8572.166666666666,154299,6,0,925794.0,True
1002396,21,10163.52380952381,213434,6,0,1280604.0,True
1002399,15,9165.6,137484,6,0,824904.0,True
1002413,18,9813.388888888889,176641,5,0,883205.0,True
1002415,19,10220.421052631578,194188,8,0,1553504.0,True
1002417,14,9901.642857142857,138623,5,0,693115.0,True
1002422,10,7674.0,76740,4,0,306960.0,True
1002426,19,8885.473684210527,168824,5,0,844120.0,True
1002431,13,5158.692307692308,67063,4,0,268252.0,True
1002433,19,8343.526315789473,158527,5,0,792635.0,True
1002434,14,11097.642857142857,155367,4,0,621468.0,True
1002440,11,9017.454545454546,99192,6,0,595152.0,True
1002441,17,9167.235294117647,155843,8,0,1246744.0,True
1002442,16,6252.25,100036,7,0,700252.0,True
1002443,14,6497.857142857143,90970,4,0,363880.0,True
1002449,16,8150.5,130408,6,0,782448.0,True
1002450,14,7500.5,105007,5,0,525035.0,True
1002464,20,9197.2,183944,8,0,1471552.0,True
1002467,13,14162.153846153846,184108,5,0,920540.0,True
1002470,15,9841.333333333334,147620,5,0,738100.0,True
1002471,25,7450.84,186271,9,0,1676439.0,True
1002474,19,11745.78947368421,223170,6,0,1339020.0,True
1002475,17,7794.823529411765,132512,6,0,795072.0,True
1002479,20,10303.85,206077,7,0,1442539.0,True
1002482,18,8142.777777777777,146570,6,0,879420.0,True
1002487,25,9266.64,231666,8,0,1853328.0,True
1002488,8,7781.25,62250,3,0,186750.0,True
1002490,13,10566.076923076924,137359,6,0,824154.0,True
1002494,21,6729.285714285715,141315,5,0,706575.0,True
1002495,24,7646.0,183504,7,0,1284528.0,True
1002502,14,7228.357142857143,101197,7,0,708379.0,True
1002505,20,11544.15,230883,8,0,1847064.0,True
1002509,19,9746.21052631579,185178,6,0,1111068.0,True
1002511,20,10021.9,200438,8,0,1603504.0,True
1002512,18,9990.111111111111,179822,4,0,719288.0,True
1002514,20,11654.45,233089,8,0,1864712.0,True
1002516,17,7033.411764705882,119568,6,0,717408.0,True
1002524,15,6996.266666666666,104944,5,0,524720.0,True
1002530,14,8868.92857142857,124165,6,0,744989.9999999999,True
1002531,12,6624.833333333333,79498,5,0,397490.0,True
1002532,23,8752.652173913044,201311,7,0,1409177.0,True
1002534,25,6656.68,166417,6,0,998502.0,True
1002538,15,12960.0,194400,4,0,777600.0,True
1002542,12,10645.583333333334,127747,6,0,766482.0,True
1002543,12,10538.333333333334,126460,4,0,505840.0,True
1002549,12,11711.25,140535,5,0,702675.0,True
1002553,11,14781.818181818182,162600,4,0,650400.0,True
1002563,12,9678.166666666666,116138,6,0,696828.0,True
1002568,19,7590.684210526316,144223,6,0,865338.0,True
1002569,22,6951.454545454545,152932,6,0,917592.0,True
1002574,18,11011.444444444445,198206,6,0,1189236.0,True
1002578,21,11294.714285714286,237189,7,0,1660323.0,True
1002582,16,8888.5,142216,6,0,853296.0,True
1002584,12,7103.25,85239,5,0,426195.0,True
1002587,15,11104.333333333334,166565,4,0,666260.0,True
1002588,24,6559.541666666667,157429,6,0,944574.0,True
1002596,18,8280.055555555555,149041,6,0,894246.0,True
1002598,15,10383.533333333333,155753,6,0,934518.0,True
1002601,12,8409.0,100908,8,0,807264.0,True
1002602,16,6981.875,111710,6,0,670260.0,True
1002603,20,9103.05,182061,7,0,1274427.0,True
1002612,20,7191.1,143822,6,0,862932.0,True
1002613,11,7546.090909090909,83007,4,0,332028.0,True
1002614,17,10997.882352941177,186964,5,0,934820.0,True
1002618,16,7286.625,116586,9,0,1049274.0,True
1002626,13,10538.76923076923,137004,5,0,685020.0,True
1002630,24,8981.166666666666,215548,7,0,1508836.0,True
1002632,24,7752.25,186054,7,0,1302378.0,True
1002633,24,9853.958333333334,236495,9,0,2128455.0,True
1002639,17,8088.64705882353,137507,5,0,687535.0,True
1002640,12,12574.333333333334,150892,8,0,1207136.0,True
1002644,16,9732.75,155724,6,0,934344.0,True
1002646,14,11102.92857142857,155441,5,0,777205.0,True
1002647,15,10712.4,160686,7,0,1124802.0,True
1002652,21,7085.857142857143,148803,3,0,446409.0,True
1002653,19,9110.947368421053,173108,8,0,1384864.0,True
1002657,12,10759.083333333334,129109,6,0,774654.0,True
1002658,18,8475.0,152550,8,0,1220400.0,True
1002660,22,7984.045454545455,175649,6,0,1053894.0,True
1002662,23,9452.95652173913,217418,5,0,1087090.0,True
1002667,22,6222.409090909091,136893,5,0,684465.0,True
1002671,10,9731.1,97311,7,0,681177.0,True
1002673,12,8643.0,103716,4,0,414864.0,True
1002675,22,10115.227272727272,222535,6,0,1335210.0,True
1002677,15,11741.2,176118,6,0,1056708.0,True
1002686,14,6073.214285714285,85025,5,0,425125.0,True
1002687,11,14443.818181818182,158882,3,0,476646.0,True
1002690,7,12541.285714285714,87789,4,0,351156.0,True
1002696,10,5910.5,59105,6,0,354630.0,True
1002698,22,8130.363636363636,178868,8,0,1430944.0,True
1002705,15,12008.533333333333,180128,3,0,540384.0,True
1002706,14,11018.214285714286,154255,5,0,771275.0,True
1002707,15,6419.4,96291,5,0,481455.0,True
1002708,22,7402.409090909091,162853,5,0,814265.0,True
1002709,15,7743.933333333333,116159,9,0,1045431.0,True
1002710,17,8129.35294117647,138199,5,0,690995.0,True
1002713,15,9962.0,149430,7,0,1046010.0,True
1002714,15,9057.2,135858,7,0,951006.0,True
1002716,16,9265.1875,148243,6,0,889458.0,True
1002717,14,11166.214285714286,156327,4,0,625308.0,True
1002720,23,8642.478260869566,198777,7,0,1391439.0000000002,True
1002721,17,9734.823529411764,165492,5,0,827460.0,True
1002722,12,11172.583333333334,134071,5,0,670355.0,True
1002725,21,8829.57142857143,185421,7,0,1297947.0000000002,True
1002729,16,14519.4375,232311,4,0,929244.0,True
1002735,13,9427.692307692309,122560,7,0,857920.0000000001,True
1002739,19,9689.315789473685,184097,7,0,1288679.0000000002,True
1002741,18,11912.777777777777,214430,6,0,1286580.0,True
1002755,13,8034.461538461538,104448,6,0,626688.0,True
1002758,9,9396.222222222223,84566,3,0,253698.0,True
1002759,11,8236.181818181818,90598,4,0,362392.0,True
1002763,17,7669.176470588235,130376,7,0,912632.0,True
1002767,15,10468.333333333334,157025,6,0,942150.0,True
1002775,21,10920.380952380952,229328,6,0,1375968.0,True
1002780,24,8723.791666666666,209371,7,0,1465597.0,True
1002799,13,9887.307692307691,128535,3,0,385604.99999999994,True
1002813,15,9218.933333333332,138284,9,0,1244556.0,True
1002816,12,14669.666666666666,176036,3,0,528108.0,True
1002819,13,7375.153846153846,95877,5,0,479385.0,True
1002821,17,9274.0,157658,9,0,1418922.0,True
1002827,20,8987.1,179742,7,0,1258194.0,True
1002831,14,10978.57142857143,153700,8,0,1229600.0,True
1002834,12,7813.833333333333,93766,4,0,375064.0,True
1002836,13,7549.153846153846,98139,6,0,588834.0,True
1002839,19,8015.0,152285,7,0,1065995.0,True
1002843,22,6081.318181818182,133789,8,0,1070312.0,True
1002850,19,9253.105263157895,175809,2,0,351618.0,True
1002851,19,6666.263157894737,126659,4,0,506636.0,True
1002867,19,12125.315789473685,230381,10,0,2303810.0000000005,True
1002869,18,7117.333333333333,128112,8,0,1024896.0,True
1002871,17,7084.588235294118,120438,4,0,481752.0,True
1002879,13,9227.538461538461,119958,7,0,839706.0,True
1002884,11,8950.545454545454,98456,5,0,492280.0,True
1002893,9,11041.0,99369,4,0,397476.0,True
1002902,14,10082.785714285714,141159,5,0,705795.0,True
1002908,12,5869.25,70431,5,0,352155.0,True
1002912,18,6573.777777777777,118328,7,0,828296.0,True
1002920,12,9107.0,109284,4,0,437136.0,True
1002924,24,9812.416666666666,235498,8,0,1883984.0,True
1002925,13,10116.384615384615,131513,5,0,657565.0,True
1002930,14,9304.42857142857,130262,8,0,1042095.9999999999,True
1002932,18,8928.333333333334,160710,8,0,1285680.0,True
1002940,22,10022.727272727272,220500,5,0,1102500.0,True
1002954,17,10763.29411764706,182976,8,0,1463808.0,True
1002956,19,11095.736842105263,210819,5,0,1054095.0,True
1002960,19,9885.578947368422,187826,6,0,1126956.0,True
1002963,21,9498.333333333334,199465,8,0,1595720.0,True
1002965,8,10362.0,82896,4,0,331584.0,True
1002971,20,9415.15,188303,7,0,1318121.0,True
1002977,11,7547.818181818182,83026,5,0,415130.0,True
1002979,25,8596.36,214909,7,0,1504363.0,True
1002981,19,10961.21052631579,208263,5,0,1041315.0,True
1002982,10,12488.3,124883,6,0,749298.0,True
1002984,13,9410.153846153846,122332,5,0,611660.0,True
1003008,19,12456.684210526315,236677,6,0,1420061.9999999998,True
1003009,15,11674.733333333334,175121,5,0,875605.0,True
1003015,20,7413.15,148263,6,0,889578.0,True
1003016,19,10510.21052631579,199694,6,0,1198164.0,True
1003019,17,10121.823529411764,172071,6,0,1032426.0,True
1003021,15,7772.866666666667,116593,7,0,816151.0,True
1003027,15,12015.266666666666,180229,6,0,1081374.0,True
1003030,12,8618.75,103425,5,0,517125.0,True
1003034,13,9548.923076923076,124136,6,0,744815.9999999999,True
1003040,16,12377.9375,198047,4,0,792188.0,True
1003043,18,5675.833333333333,102165,4,0,408660.0,True
1003059,25,9283.68,232092,8,0,1856736.0,True
1003068,10,6197.2,61972,8,0,495776.0,True
1003071,19,7143.789473684211,135732,7,0,950124.0,True
1003078,17,10105.941176470587,171801,5,0,859005.0,True
1003088,23,9009.782608695652,207225,7,0,1450575.0,True
1003094,21,10157.761904761905,213313,10,0,2133130.0,True
1003102,21,10255.714285714286,215370,6,0,1292220.0,True
1003103,23,9595.565217391304,220698,7,0,1544886.0,True
1003104,23,9370.826086956522,215529,9,0,1939761.0,True
1003117,20,9865.0,197300,9,0,1775700.0,True
1003120,21,9678.952380952382,203258,8,0,1626064.0,True
1003122,13,9355.153846153846,121617,6,0,729702.0,True
1003124,17,7235.411764705882,123002,6,0,738012.0,True
1003127,22,7988.636363636364,175750,5,0,878750.0,True
1003132,15,10447.733333333334,156716,6,0,940296.0,True
1003133,11,8097.181818181818,89069,4,0,356276.0,True
1003136,21,10407.333333333334,218554,6,0,1311324.0,True
1003144,18,11565.222222222223,208174,6,0,1249044.0,True
1003149,20,11809.75,236195,6,0,1417170.0,True
1003152,21,6900.142857142857,144903,7,0,1014321.0,True
1003160,18,12131.0,218358,6,0,1310148.0,True
1003164,13,7117.384615384615,92526,6,0,555156.0,True
1003165,18,12218.666666666666,219936,5,0,1099680.0,True
1003166,20,10658.9,213178,6,0,1279068.0,True
1003168,19,9901.631578947368,188131,4,0,752524.0,True
1003176,13,9534.384615384615,123947,6,0,743682.0,True
1003181,13,12060.692307692309,156789,8,0,1254312.0,True
1003186,17,12994.588235294117,220908,8,0,1767264.0,True
1003187,13,10813.923076923076,140581,7,0,984067.0,True
1003188,16,8883.1875,142131,5,0,710655.0,True
1003194,20,10282.5,205650,9,0,1850850.0,True
1003212,16,6552.375,104838,4,0,419352.0,True
1003214,18,10195.166666666666,183513,5,0,917565.0,True
1003215,18,8283.388888888889,149101,7,0,1043707.0,True
1003222,13,12884.692307692309,167501,6,0,1005006.0,True
1003225,15,9127.933333333332,136919,5,0,684595.0,True
1003234,9,10069.777777777777,90628,4,0,362512.0,True
1003235,21,10445.666666666666,219359,6,0,1316154.0,True
1003238,18,11778.944444444445,212021,6,0,1272126.0,True
1003244,14,9421.857142857143,131906,6,0,791436.0,True
1003247,15,12454.733333333334,186821,4,0,747284.0,True
1003252,17,7345.235294117647,124869,6,0,749214.0,True
1003254,15,5855.466666666666,87832,6,0,526992.0,True
1003255,22,7401.272727272727,162828,5,0,814140.0,True
1003264,13,5817.153846153846,75623,6,0,453738.0,True
1003273,12,10523.666666666666,126284,5,0,631420.0,True
1003275,8,6995.0,55960,5,0,279800.0,True
1003276,17,6387.058823529412,108580,7,0,760060.0,True
1003282,17,9757.117647058823,165871,7,0,1161097.0,True
1003284,21,10026.952380952382,210566,8,0,1684528.0,True
1003286,17,7028.529411764706,119485,7,0,836395.0,True
1003287,13,6778.538461538462,88121,5,0,440605.0,True
1003288,12,9769.916666666666,117239,6,0,703434.0,True
1003291,8,6921.5,55372,4,0,221488.0,True
1003298,14,8941.785714285714,125185,5,0,625925.0,True
1003303,13,11008.0,143104,5,0,715520.0,True
1003307,15,6517.733333333334,97766,6,0,586596.0,True
1003324,12,14135.333333333334,169624,5,0,848120.0,True
1003325,17,6385.470588235294,108553,5,0,542765.0,True
1003330,11,7987.545454545455,87863,4,0,351452.0,True
1003335,15,8043.533333333334,120653,4,0,482612.0,True
1003338,20,7801.45,156029,5,0,780145.0,True
1003351,15,10134.466666666667,152017,5,0,760085.0,True
1003354,16,10704.875,171278,7,0,1198946.0,True
1003355,20,9973.05,199461,9,0,1795149.0,True
1003366,18,11993.388888888889,215881,7,0,1511167.0,True
1003372,11,9863.545454545454,108499,6,0,650994.0,True
1003373,17,10867.411764705883,184746,3,0,554238.0,True
1003375,14,9154.42857142857,128162,5,0,640809.9999999999,True
1003376,13,8446.76923076923,109808,5,0,549040.0,True
1003379,18,7815.111111111111,140672,3,0,422016.0,True
1003381,19,6784.736842105263,128910,8,0,1031280.0,True
1003383,24,8688.375,208521,9,0,1876689.0,True
1003385,21,9690.142857142857,203493,5,0,1017465.0,True
1003388,9,9973.777777777777,89764,4,0,359056.0,True
1003392,17,8341.588235294117,141807,5,0,709035.0,True
1003396,17,11513.882352941177,195736,5,0,978680.0,True
1003397,16,11248.875,179982,6,0,1079892.0,True
1003405,17,11248.0,191216,8,0,1529728.0,True
1003406,24,9833.458333333334,236003,7,0,1652021.0,True
1003407,12,10513.0,126156,8,0,1009248.0,True
1003421,17,9022.941176470587,153390,6,0,920340.0,True
1003429,21,8208.42857142857,172377,8,0,1379015.9999999998,True
1003440,12,15522.666666666666,186272,5,0,931360.0,True
1003443,17,11929.823529411764,202807,8,0,1622456.0,True
1003446,20,8568.8,171376,6,0,1028256.0,True
1003448,14,11095.42857142857,155336,3,0,466008.0,True
1003455,15,8780.733333333334,131711,5,0,658555.0,True
1003459,19,10799.736842105263,205195,7,0,1436365.0,True
1003463,21,9003.714285714286,189078,5,0,945390.0,True
1003488,15,9490.733333333334,142361,6,0,854166.0,True
1003494,13,9837.384615384615,127886,5,0,639430.0,True
1003495,9,9988.888888888889,89900,6,0,539400.0,True
1003496,17,7523.411764705882,127898,5,0,639490.0,True
1003523,21,11080.714285714286,232695,9,0,2094255.0,True
1003530,12,10784.916666666666,129419,4,0,517676.0,True
1003535,13,13230.153846153846,171992,4,0,687968.0,True
1003541,22,10403.5,228877,7,0,1602139.0,True
1003542,8,10182.875,81463,5,0,407315.0,True
1003544,13,6510.538461538462,84637,7,0,592459.0,True
1003545,16,9783.5,156536,9,0,1408824.0,True
1003548,17,6261.0,106437,5,0,532185.0,True
1003549,22,9278.545454545454,204128,5,0,1020640.0,True
1003552,16,7909.1875,126547,6,0,759282.0,True
1003554,18,8882.444444444445,159884,7,0,1119188.0,True
1003566,13,9921.076923076924,128974,4,0,515896.00000000006,True
1003575,20,8162.5,163250,5,0,816250.0,True
1003581,18,11651.555555555555,209728,6,0,1258368.0,True
1003583,21,8657.333333333334,181804,6,0,1090824.0,True
1003587,22,10183.40909090909,224035,7,0,1568244.9999999998,True
1003595,23,9748.521739130434,224216,6,0,1345295.9999999998,True
1003604,16,8174.0625,130785,6,0,784710.0,True
1003606,19,8643.315789473685,164223,5,0,821115.0000000001,True
1003616,16,13671.8125,218749,3,0,656247.0,True
1003623,15,14829.866666666667,222448,6,0,1334688.0,True
1003627,19,7718.8421052631575,146658,6,0,879948.0,True
1003628,22,9557.40909090909,210263,8,0,1682103.9999999998,True
1003632,17,7955.0,135235,7,0,946645.0,True
1003633,12,12799.666666666666,153596,7,0,1075172.0,True
1003634,15,8440.533333333333,126608,5,0,633040.0,True
1003636,11,10596.727272727272,116564,6,0,699384.0,True
1003642,14,5513.142857142857,77184,8,0,617472.0,True
1003647,17,8117.529411764706,137998,6,0,827988.0,True
1003668,24,9284.0,222816,8,0,1782528.0,True
1003708,16,8806.5625,140905,6,0,845430.0,True
1003714,18,6282.5,113085,9,0,1017765.0,True
1003719,20,9358.45,187169,7,0,1310183.0,True
1003722,18,8814.111111111111,158654,4,0,634616.0,True
1003725,13,10585.153846153846,137607,4,0,550428.0,True
1003730,16,12282.125,196514,6,0,1179084.0,True
1003738,22,9093.818181818182,200064,7,0,1400448.0,True
1003739,9,7722.111111111111,69499,6,0,416994.0,True
1003743,20,9575.25,191505,5,0,957525.0,True
1003744,18,8698.0,156564,8,0,1252512.0,True
1003748,18,6071.055555555556,109279,4,0,437116.0,True
1003750,19,9477.263157894737,180068,9,0,1620612.0,True
1003758,25,8506.48,212662,7,0,1488634.0,True
1003764,15,10090.8,151362,4,0,605448.0,True
1003765,17,8798.235294117647,149570,5,0,747850.0,True
1003767,23,6171.434782608696,141943,6,0,851658.0,True
1003783,16,7053.4375,112855,5,0,564275.0,True
1003785,18,8226.722222222223,148081,6,0,888486.0,True
1003787,12,8524.75,102297,6,0,613782.0,True
1003788,10,9021.3,90213,4,0,360852.0,True
1003795,19,8683.315789473685,164983,6,0,989898.0000000002,True
1003797,18,11717.166666666666,210909,6,0,1265454.0,True
1003798,20,10025.6,200512,5,0,1002560.0,True
1003802,11,11026.09090909091,121287,4,0,485148.00000000006,True
1003803,17,8827.235294117647,150063,7,0,1050441.0,True
1003814,23,9025.782608695652,207593,6,0,1245558.0,True
1003818,22,10462.863636363636,230183,8,0,1841464.0,True
1003826,14,9164.714285714286,128306,5,0,641530.0,True
1003838,12,7026.666666666667,84320,4,0,337280.0,True
1003857,25,9492.08,237302,5,0,1186510.0,True
1003862,21,9612.238095238095,201857,6,0,1211142.0,True
1003863,16,12778.75,204460,4,0,817840.0,True
1003870,14,7576.928571428572,106077,5,0,530385.0,True
1003876,20,9494.45,189889,8,0,1519112.0,True
1003877,16,11612.625,185802,7,0,1300614.0,True
1003879,19,8784.684210526315,166909,8,0,1335271.9999999998,True
1003883,9,5483.222222222223,49349,5,0,246745.0,True
1003897,15,11393.0,170895,5,0,854475.0,True
1003911,17,10169.882352941177,172888,8,0,1383104.0,True
1003915,13,8374.23076923077,108865,3,0,326595.0,True
1003918,14,8661.357142857143,121259,7,0,848813.0,True
1003928,13,10503.76923076923,136549,5,0,682745.0,True
1003932,19,9792.578947368422,186059,8,0,1488472.0,True
1003933,16,9415.9375,150655,8,0,1205240.0,True
1003936,23,9261.869565217392,213023,8,0,1704184.0,True
1003939,15,10953.933333333332,164309,7,0,1150163.0,True
1003956,17,11117.235294117647,188993,8,0,1511944.0,True
1003959,17,4512.470588235294,76712,8,0,613696.0,True
1003960,12,8116.083333333333,97393,4,0,389572.0,True
1003969,10,8754.9,87549,6,0,525294.0,True
1003972,15,8570.533333333333,128558,6,0,771348.0,True
1003977,15,8552.733333333334,128291,8,0,1026328.0,True
1003991,25,9413.04,235326,8,0,1882608.0000000002,True
1004008,18,7022.055555555556,126397,7,0,884779.0,True
1004010,12,7866.833333333333,94402,7,0,660814.0,True
1004012,23,9901.565217391304,227736,6,0,1366416.0,True
1004017,21,7862.619047619048,165115,6,0,990690.0,True
1004019,10,7567.0,75670,5,0,378350.0,True
1004025,17,8967.529411764706,152448,5,0,762240.0,True
1004038,16,8283.5,132536,5,0,662680.0,True
1004045,21,8487.904761904761,178246,8,0,1425968.0,True
1004046,22,10348.272727272728,227662,8,0,1821296.0,True
1004052,21,11211.952380952382,235451,8,0,1883608.0,True
1004056,11,6902.818181818182,75931,5,0,379655.0,True
1004057,23,9026.478260869566,207609,8,0,1660872.0000000002,True
1004059,19,5730.1578947368425,108873,5,0,544365.0000000001,True
1004061,20,8808.5,176170,9,0,1585530.0,True
1004065,13,15584.923076923076,202604,4,0,810416.0,True
1004068,9,11646.333333333334,104817,7,0,733719.0,True
1004069,17,12335.235294117647,209699,7,0,1467893.0,True
1004074,16,7458.3125,119333,5,0,596665.0,True
1004097,20,6997.6,139952,7,0,979664.0,True
1004100,14,12322.714285714286,172518,4,0,690072.0,True
1004106,15,6298.133333333333,94472,6,0,566832.0,True
1004108,18,9505.944444444445,171107,3,0,513321.0,True
1004110,15,10007.933333333332,150119,8,0,1200952.0,True
1004113,20,10677.5,213550,5,0,1067750.0,True
1004129,18,9577.611111111111,172397,6,0,1034382.0,True
1004142,17,7598.411764705882,129173,9,0,1162557.0,True
1004145,18,9027.222222222223,162490,7,0,1137430.0,True
1004146,17,9457.823529411764,160783,6,0,964698.0,True
1004154,15,9753.333333333334,146300,7,0,1024100.0,True
1004158,13,8098.384615384615,105279,6,0,631674.0,True
1004159,10,9157.5,91575,8,0,732600.0,True
1004163,11,11072.636363636364,121799,7,0,852593.0,True
1004166,12,6374.333333333333,76492,6,0,458952.0,True
1004176,9,12405.666666666666,111651,6,0,669906.0,True
1004178,9,6972.555555555556,62753,3,0,188259.0,True
1004184,16,7939.9375,127039,4,0,508156.0,True
1004189,18,11372.555555555555,204706,8,0,1637648.0,True
1004191,17,9772.117647058823,166126,7,0,1162882.0,True
1004192,8,9326.25,74610,4,0,298440.0,True
1004196,20,8209.75,164195,8,0,1313560.0,True
1004197,14,9289.285714285714,130050,6,0,780300.0,True
1004201,16,13163.0625,210609,6,0,1263654.0,True
1004209,17,9287.117647058823,157881,8,0,1263048.0,True
1004211,15,8311.8,124677,6,0,748061.9999999999,True
1004214,20,8598.6,171972,7,0,1203804.0,True
1004216,16,11190.625,179050,9,0,1611450.0,True
1004226,20,9624.75,192495,7,0,1347465.0,True
1004228,11,9119.545454545454,100315,5,0,501575.0,True
1004230,10,8980.0,89800,5,0,449000.0,True
1004244,10,8092.4,80924,3,0,242772.0,True
1004246,22,9330.545454545454,205272,3,0,615816.0,True
1004254,13,9218.923076923076,119846,6,0,719075.9999999999,True
1004256,15,9577.0,143655,8,0,1149240.0,True
1004259,16,10920.5,174728,6,0,1048368.0,True
1004264,14,10948.5,153279,4,0,613116.0,True
1004267,22,7147.727272727273,157250,9,0,1415250.0,True
1004270,15,9019.133333333333,135287,7,0,947009.0,True
1004273,17,8769.470588235294,149081,4,0,596324.0,True
1004275,22,8953.772727272728,196983,10,0,1969830.0,True
1004278,15,14409.333333333334,216140,2,0,432280.0,True
1004282,18,7980.055555555556,143641,6,0,861846.0,True
1004288,16,9590.6875,153451,4,0,613804.0,True
1004295,24,4276.291666666667,102631,10,0,1026310.0,True
1004297,25,8679.32,216983,6,0,1301898.0,True
1004300,21,9817.857142857143,206175,6,0,1237050.0,True
1004301,18,11036.888888888889,198664,6,0,1191984.0,True
1004304,19,9657.78947368421,183498,5,0,917490.0,True
1004307,19,8961.473684210527,170268,6,0,1021608.0,True
1004314,19,11243.105263157895,213619,9,0,1922571.0,True
1004316,22,9284.681818181818,204263,6,0,1225578.0,True
1004319,25,9397.36,234934,10,0,2349340.0,True
1004325,13,6390.153846153846,83072,6,0,498432.0,True
1004330,24,8183.166666666667,196396,6,0,1178376.0,True
1004331,17,11125.70588235294,189137,8,0,1513096.0,True
1004332,15,10175.8,152637,6,0,915822.0,True
1004338,18,8806.055555555555,158509,7,0,1109563.0,True
1004340,12,7832.25,93987,6,0,563922.0,True
1004341,21,10252.761904761905,215308,4,0,861232.0,True
1004348,21,7657.9047619047615,160816,6,0,964896.0,True
1004349,17,4273.529411764706,72650,8,0,581200.0,True
1004358,19,7561.1578947368425,143662,7,0,1005634.0,True
1004365,13,6427.2307692307695,83554,4,0,334216.0,True
1004366,17,9183.70588235294,156123,6,0,936738.0,True
1004372,13,10048.692307692309,130633,4,0,522532.00000000006,True
1004383,12,7571.916666666667,90863,3,0,272589.0,True
1004385,15,7164.866666666667,107473,5,0,537365.0,True
1004391,20,8197.8,163956,7,0,1147692.0,True
1004392,15,7531.666666666667,112975,5,0,564875.0,True
1004393,12,10555.0,126660,5,0,633300.0,True
1004394,17,7869.294117647059,133778,5,0,668890.0,True
1004395,13,10777.615384615385,140109,5,0,700545.0,True
1004396,13,10580.23076923077,137543,5,0,687715.0,True
1004398,12,9374.333333333334,112492,6,0,674952.0,True
1004399,20,5745.5,114910,5,0,574550.0,True
1004400,15,8068.466666666666,121027,4,0,484108.0,True
1004402,19,8854.631578947368,168238,6,0,1009428.0,True
1004410,15,9326.0,139890,6,0,839340.0,True
1004413,15,8970.2,134553,7,0,941871.0,True
1004419,13,10417.307692307691,135425,6,0,812550.0,True
1004421,14,10751.42857142857,150520,4,0,602080.0,True
1004427,16,10280.8125,164493,6,0,986958.0,True
1004429,23,10020.217391304348,230465,11,0,2535115.0,True
1004439,24,8061.583333333333,193478,7,0,1354346.0,True
1004441,18,7698.666666666667,138576,4,0,554304.0,True
1004462,20,8883.9,177678,7,0,1243746.0,True
1004463,12,9901.0,118812,6,0,712872.0,True
1004464,9,5186.777777777777,46681,6,0,280086.0,True
1004469,20,10377.75,207555,7,0,1452885.0,True
1004492,12,9479.166666666666,113750,6,0,682500.0,True
1004500,19,7584.631578947368,144108,5,0,720540.0,True
1004503,23,8382.260869565218,192792,9,0,1735128.0,True
1004504,17,10371.235294117647,176311,4,0,705244.0,True
1004515,14,13075.785714285714,183061,6,0,1098366.0,True
1004525,10,9919.1,99191,3,0,297573.0,True
1004527,8,10660.0,85280,4,0,341120.0,True
1004529,21,8938.0,187698,6,0,1126188.0,True
1004536,16,13681.75,218908,6,0,1313448.0,True
1004537,13,6541.2307692307695,85036,4,0,340144.0,True
1004542,15,10254.6,153819,7,0,1076733.0,True
1004544,22,7932.409090909091,174513,5,0,872565.0,True
1004545,18,10611.611111111111,191009,6,0,1146054.0,True
1004547,17,7465.0,126905,5,0,634525.0,True
1004548,14,7067.928571428572,98951,7,0,692657.0,True
1004549,15,5923.733333333334,88856,5,0,444280.0,True
1004550,16,8233.9375,131743,8,0,1053944.0,True
1004554,15,6732.2,100983,6,0,605898.0,True
1004558,13,9310.692307692309,121039,7,0,847273.0000000001,True
1004559,24,8136.0,195264,5,0,976320.0,True
1004563,23,9040.260869565218,207926,7,0,1455482.0,True
1004564,14,10494.214285714286,146919,7,0,1028433.0,True
1004565,18,9943.388888888889,178981,7,0,1252867.0,True
1004570,19,10469.78947368421,198926,8,0,1591408.0,True
1004576,11,11797.09090909091,129768,7,0,908376.0000000001,True
1004583,17,7326.588235294118,124552,6,0,747312.0,True
1004587,23,7542.260869565217,173472,9,0,1561248.0,True
1004588,20,7049.5,140990,5,0,704950.0,True
1004594,18,11815.666666666666,212682,7,0,1488774.0,True
1004597,11,8073.545454545455,88809,5,0,444045.0,True
1004612,20,7432.6,148652,5,0,743260.0,True
1004614,11,8424.545454545454,92670,4,0,370680.0,True
1004616,15,9175.866666666667,137638,5,0,688190.0,True
1004622,16,10186.5,162984,3,0,488952.0,True
1004623,21,10454.666666666666,219548,8,0,1756384.0,True
1004628,12,6821.916666666667,81863,6,0,491178.0,True
1004629,18,8280.388888888889,149047,5,0,745235.0,True
1004630,18,8027.666666666667,144498,5,0,722490.0,True
1004636,16,3612.8125,57805,6,0,346830.0,True
1004638,19,8536.105263157895,162186,9,0,1459674.0,True
1004641,18,8714.944444444445,156869,4,0,627476.0,True
1004642,22,9408.136363636364,206979,8,0,1655832.0,True
1004646,24,7762.791666666667,186307,8,0,1490456.0,True
1004648,21,9596.190476190477,201520,9,0,1813680.0000000002,True
1004657,21,9876.42857142857,207405,5,0,1037024.9999999999,True
1004660,20,8173.3,163466,4,0,653864.0,True
1004664,19,8385.578947368422,159326,5,0,796630.0,True
1004665,17,11067.0,188139,8,0,1505112.0,True
1004669,22,8082.772727272727,177821,8,0,1422568.0,True
1004672,15,7464.533333333334,111968,5,0,559840.0,True
1004676,16,8675.25,138804,7,0,971628.0,True
1004677,18,8507.777777777777,153140,6,0,918840.0,True
1004692,18,11681.555555555555,210268,5,0,1051340.0,True
1004695,19,5622.736842105263,106832,7,0,747824.0,True
1004696,14,9978.92857142857,139705,6,0,838230.0,True
1004698,19,8064.0526315789475,153217,7,0,1072519.0,True
1004702,20,10352.65,207053,9,0,1863477.0,True
1004703,15,9211.066666666668,138166,6,0,828996.0,True
1004707,23,7052.391304347826,162205,7,0,1135435.0,True
1004710,24,8681.458333333334,208355,8,0,1666840.0,True
1004712,23,5515.04347826087,126846,9,0,1141614.0000000002,True
1004719,17,13682.70588235294,232606,5,0,1163030.0,True
1004720,20,8939.0,178780,8,0,1430240.0,True
1004723,18,9060.333333333334,163086,7,0,1141602.0,True
1004724,18,9687.0,174366,5,0,871830.0,True
1004730,13,10186.692307692309,132427,4,0,529708.0,True
1004741,14,12951.42857142857,181320,7,0,1269240.0,True
1004743,17,8158.411764705882,138693,9,0,1248237.0,True
1004749,9,7182.222222222223,64640,5,0,323200.0,True
1004751,21,7970.380952380952,167378,6,0,1004268.0,True
1004752,15,8582.8,128742,6,0,772451.9999999999,True
1004755,17,10718.058823529413,182207,5,0,911035.0,True
1004756,21,8897.190476190477,186841,6,0,1121046.0000000002,True
1004758,18,7920.833333333333,142575,5,0,712875.0,True
1004761,24,8428.541666666666,202285,8,0,1618280.0,True
1004766,21,8880.761904761905,186496,8,0,1491968.0,True
1004770,15,8955.333333333334,134330,6,0,805980.0,True
1004775,17,8354.176470588236,142021,5,0,710105.0,True
1004776,11,10346.272727272728,113809,6,0,682854.0,True
1004778,22,9223.09090909091,202908,7,0,1420356.0000000002,True
1004787,18,7574.611111111111,136343,7,0,954401.0,True
1004792,16,9319.0,149104,6,0,894624.0,True
1004803,20,6982.2,139644,6,0,837864.0,True
1004811,19,10472.0,198968,10,0,1989680.0,True
1004820,15,7488.733333333334,112331,4,0,449324.0,True
1004822,19,7722.9473684210525,146736,7,0,1027152.0,True
1004838,22,9686.181818181818,213096,7,0,1491672.0,True
1004839,11,6042.818181818182,66471,4,0,265884.0,True
1004844,21,10639.666666666666,223433,8,0,1787464.0,True
1004846,19,6960.105263157895,132242,6,0,793452.0,True
1004850,22,10120.636363636364,222654,7,0,1558578.0,True
1004851,17,8005.64705882353,136096,5,0,680480.0,True
1004860,20,9740.9,194818,6,0,1168908.0,True
1004863,20,7154.25,143085,6,0,858510.0,True
1004871,12,9045.416666666666,108545,6,0,651270.0,True
1004872,18,8440.333333333334,151926,6,0,911556.0,True
1004873,16,11299.1875,180787,7,0,1265509.0,True
1004876,22,9595.545454545454,211102,7,0,1477714.0,True
1004878,25,7470.64,186766,6,0,1120596.0,True
1004880,13,6638.461538461538,86300,4,0,345200.0,True
1004881,11,9894.636363636364,108841,4,0,435364.0,True
1004891,18,8372.444444444445,150704,6,0,904224.0,True
1004900,14,8142.0,113988,6,0,683928.0,True
1004912,12,6673.666666666667,80084,2,0,160168.0,True
1004919,19,10639.78947368421,202156,7,0,1415092.0,True
1004923,16,8656.125,138498,5,0,692490.0,True
1004924,23,9739.608695652174,224011,6,0,1344066.0,True
1004926,10,8839.2,88392,6,0,530352.0,True
1004929,22,8963.227272727272,197191,11,0,2169101.0,True
1004935,14,7776.428571428572,108870,6,0,653220.0,True
1004938,14,7250.5,101507,7,0,710549.0,True
1004941,15,9249.933333333332,138749,7,0,971243.0,True
1004943,13,7998.615384615385,103982,6,0,623892.0,True
1004944,14,13607.785714285714,190509,7,0,1333563.0,True
1004949,19,10340.263157894737,196465,8,0,1571720.0,True
1004955,17,4776.529411764706,81201,4,0,324804.0,True
1004968,11,14740.636363636364,162147,7,0,1135029.0,True
1004969,19,7918.736842105263,150456,9,0,1354104.0,True
1004970,20,8894.3,177886,7,0,1245202.0,True
1004971,15,7794.533333333334,116918,4,0,467672.0,True
1004974,17,9877.058823529413,167910,7,0,1175370.0,True
1004988,17,8583.058823529413,145912,8,0,1167296.0,True
1004991,7,7481.571428571428,52371,3,0,157113.0,True
1004992,11,9473.636363636364,104210,6,0,625260.0,True
1004996,13,15144.692307692309,196881,5,0,984405.0,True
1005004,25,7253.88,181347,4,0,725388.0,True
1005007,15,9949.933333333332,149249,9,0,1343241.0,True
1005012,12,5327.0,63924,5,0,319620.0,True
1005027,13,9646.538461538461,125405,7,0,877835.0,True
1005028,15,6751.666666666667,101275,5,0,506375.0,True
1005030,14,9891.714285714286,138484,7,0,969388.0,True
1005036,25,8281.52,207038,11,0,2277418.0,True
1005043,9,10125.0,91125,6,0,546750.0,True
1005045,21,6329.142857142857,132912,6,0,797472.0,True
1005051,15,7859.266666666666,117889,5,0,589445.0,True
1005052,14,12114.857142857143,169608,8,0,1356864.0,True
1005062,13,11740.307692307691,152624,7,0,1068368.0,True
1005066,20,10184.2,203684,8,0,1629472.0,True
1005067,22,8865.227272727272,195035,10,0,1950350.0,True
1005088,18,12472.222222222223,224500,7,0,1571500.0,True
1005089,20,9065.25,181305,6,0,1087830.0,True
1005095,23,8796.739130434782,202325,9,0,1820925.0,True
1005110,13,10416.923076923076,135420,7,0,947940.0,True
1005115,21,9900.095238095239,207902,7,0,1455314.0,True
1005116,15,9031.066666666668,135466,6,0,812796.0,True
1005117,9,5518.666666666667,49668,4,0,198672.0,True
1005119,14,6976.0,97664,3,0,292992.0,True
1005122,12,12535.0,150420,5,0,752100.0,True
1005125,18,11409.166666666666,205365,6,0,1232190.0,True
1005144,19,8188.526315789473,155582,8,0,1244656.0,True
1005145,11,7651.090909090909,84162,5,0,420810.0,True
1005146,18,8638.222222222223,155488,5,0,777440.0,True
1005149,18,10508.388888888889,189151,3,0,567453.0,True
1005150,19,10292.736842105263,195562,5,0,977810.0,True
1005152,18,8096.166666666667,145731,9,0,1311579.0,True
1005155,13,7381.461538461538,95959,3,0,287877.0,True
1005159,12,8830.083333333334,105961,5,0,529805.0,True
1005160,16,8587.75,137404,6,0,824424.0,True
1005162,21,10979.095238095239,230561,7,0,1613927.0,True
1005168,13,8837.23076923077,114884,6,0,689304.0,True
1005171,10,13489.0,134890,3,0,404670.0,True
1005174,11,11452.0,125972,5,0,629860.0,True
1005175,18,8752.277777777777,157541,6,0,945246.0,True
1005176,25,8297.8,207445,6,0,1244669.9999999998,True
1005179,20,11849.3,236986,6,0,1421916.0,True
1005190,21,8757.0,183897,7,0,1287279.0,True
1005191,24,9559.041666666666,229417,10,0,2294170.0,True
1005192,15,11237.8,168567,6,0,1011402.0,True
1005202,20,7737.0,154740,4,0,618960.0,True
1005203,19,9380.842105263158,178236,11,0,1960596.0,True
1005206,12,9960.5,119526,7,0,836682.0,True
1005207,13,8011.384615384615,104148,5,0,520740.0,True
1005213,21,7389.761904761905,155185,7,0,1086295.0,True
1005214,21,5638.238095238095,118403,6,0,710418.0,True
1005215,10,12342.7,123427,6,0,740562.0,True
1005216,12,7232.5,86790,5,0,433950.0,True
1005221,16,8630.875,138094,7,0,966658.0,True
1005224,16,8457.75,135324,9,0,1217916.0,True
1005228,14,9082.285714285714,127152,6,0,762912.0,True
1005231,18,11449.722222222223,206095,7,0,1442665.0,True
1005235,21,11035.57142857143,231747,7,0,1622229.0000000002,True
1005238,11,6994.636363636364,76941,8,0,615528.0,True
1005240,23,8416.434782608696,193578,4,0,774312.0,True
1005243,16,9637.3125,154197,6,0,925182.0,True
1005245,15,9479.533333333333,142193,3,0,426579.0,True
1005247,20,6350.1,127002,6,0,762012.0,True
1005258,14,9887.07142857143,138419,7,0,968933.0,True
1005259,23,8892.826086956522,204535,6,0,1227210.0,True
1005266,21,10744.857142857143,225642,5,0,1128210.0,True
1005274,12,5370.166666666667,64442,4,0,257768.0,True
1005280,16,8185.4375,130967,6,0,785802.0,True
1005288,23,7686.913043478261,176799,6,0,1060794.0,True
1005290,24,8699.583333333334,208790,9,0,1879110.0,True
1005292,22,7915.454545454545,174140,5,0,870700.0,True
1005295,13,9549.076923076924,124138,7,0,868966.0000000001,True
1005304,21,7963.380952380952,167231,7,0,1170617.0,True
1005308,23,10094.434782608696,232172,7,0,1625204.0,True
1005309,15,7957.466666666666,119362,6,0,716172.0,True
1005314,13,7400.307692307692,96204,5,0,481020.0,True
1005315,20,8498.65,169973,10,0,1699730.0,True
1005316,20,8925.95,178519,5,0,892595.0,True
1005320,12,6576.333333333333,78916,5,0,394580.0,True
1005328,24,6623.25,158958,6,0,953748.0,True
1005343,17,11802.823529411764,200648,7,0,1404536.0,True
1005348,25,7429.44,185736,4,0,742944.0,True
1005351,12,13360.833333333334,160330,4,0,641320.0,True
1005358,15,14357.0,215355,4,0,861420.0,True
1005360,23,9246.347826086956,212666,9,0,1913994.0,True
1005370,15,8543.266666666666,128149,7,0,897043.0,True
1005372,20,10869.8,217396,7,0,1521772.0,True
1005374,25,8246.92,206173,9,0,1855557.0,True
1005375,21,9625.190476190477,202129,6,0,1212774.0000000002,True
1005377,22,8983.681818181818,197641,8,0,1581128.0,True
1005379,22,10266.227272727272,225857,10,0,2258570.0,True
1005380,15,6872.8,103092,8,0,824736.0,True
1005381,17,8916.64705882353,151583,5,0,757915.0,True
1005383,20,9295.15,185903,8,0,1487224.0,True
1005388,15,11591.333333333334,173870,3,0,521610.0,True
1005391,7,8597.42857142857,60182,5,0,300909.99999999994,True
1005392,13,10099.461538461539,131293,6,0,787758.0,True
1005398,16,10271.25,164340,8,0,1314720.0,True
1005400,17,9285.764705882353,157858,6,0,947148.0,True
1005407,15,8843.8,132657,6,0,795942.0,True
1005409,11,8235.90909090909,90595,5,0,452974.99999999994,True
1005410,25,8254.52,206363,8,0,1650904.0,True
1005411,14,6294.642857142857,88125,8,0,705000.0,True
1005439,12,7014.916666666667,84179,4,0,336716.0,True
1005444,24,5932.041666666667,142369,9,0,1281321.0,True
1005456,23,6567.869565217391,151061,8,0,1208488.0,True
1005462,25,8491.4,212285,7,0,1485995.0,True
1005465,16,5501.5625,88025,6,0,528150.0,True
1005467,17,8687.941176470587,147695,7,0,1033865.0,True
1005471,12,10784.666666666666,129416,6,0,776496.0,True
1005476,16,10107.625,161722,7,0,1132054.0,True
1005477,15,10140.666666666666,152110,5,0,760550.0,True
1005478,20,9299.6,185992,5,0,929960.0,True
1005495,19,9374.684210526315,178119,6,0,1068713.9999999998,True
1005514,25,8137.84,203446,9,0,1831014.0,True
1005525,13,8923.615384615385,116007,6,0,696042.0,True
1005527,16,8698.1875,139171,8,0,1113368.0,True
1005529,16,9916.9375,158671,5,0,793355.0,True
1005533,11,12089.272727272728,132982,4,0,531928.0,True
1005541,18,13183.055555555555,237295,5,0,1186475.0,True
1005546,23,8763.04347826087,201550,6,0,1209300.0,True
1005549,19,8710.78947368421,165505,5,0,827525.0,True
1005563,20,8295.7,165914,7,0,1161398.0,True
1005564,24,7861.458333333333,188675,6,0,1132050.0,True
1005577,20,9161.05,183221,8,0,1465768.0,True
1005579,17,10372.470588235294,176332,7,0,1234324.0,True
1005586,18,10418.555555555555,187534,7,0,1312738.0,True
1005589,21,10382.952380952382,218042,7,0,1526294.0,True
1005590,20,9359.75,187195,5,0,935975.0,True
1005606,16,8676.4375,138823,5,0,694115.0,True
1005608,7,8804.0,61628,5,0,308140.0,True
1005628,10,12386.5,123865,4,0,495460.0,True
1005633,21,10589.761904761905,222385,7,0,1556695.0,True
1005635,15,11018.0,165270,7,0,1156890.0,True
1005637,24,8832.958333333334,211991,8,0,1695928.0,True
1005639,24,8190.916666666667,196582,8,0,1572656.0,True
1005640,19,8260.157894736842,156943,9,0,1412487.0,True
1005656,18,6507.277777777777,117131,5,0,585655.0,True
1005660,18,11130.222222222223,200344,6,0,1202064.0,True
1005672,15,10639.733333333334,159596,7,0,1117172.0,True
1005681,20,9835.8,196716,9,0,1770444.0,True
1005685,22,7471.818181818182,164380,7,0,1150660.0,True
1005690,15,9285.133333333333,139277,5,0,696385.0,True
1005693,23,9036.304347826086,207835,5,0,1039174.9999999999,True
1005694,15,10142.266666666666,152134,7,0,1064938.0,True
1005695,18,9101.5,163827,7,0,1146789.0,True
1005696,13,11444.615384615385,148780,6,0,892680.0,True
1005697,16,12223.5625,195577,5,0,977885.0,True
1005700,23,9469.782608695652,217805,7,0,1524635.0,True
1005711,25,9390.72,234768,7,0,1643375.9999999998,True
1005713,15,6400.666666666667,96010,6,0,576060.0,True
1005719,15,7679.933333333333,115199,6,0,691194.0,True
1005721,23,9881.826086956522,227282,9,0,2045538.0,True
1005725,13,8832.615384615385,114824,6,0,688944.0,True
1005732,22,9889.09090909091,217560,6,0,1305360.0000000002,True
1005735,11,9096.545454545454,100062,7,0,700434.0,True
1005742,24,8227.166666666666,197452,9,0,1777068.0,True
1005743,14,9487.714285714286,132828,7,0,929796.0,True
1005756,19,8518.736842105263,161856,9,0,1456704.0,True
1005760,18,7301.055555555556,131419,5,0,657095.0,True
1005772,17,7266.176470588235,123525,7,0,864675.0,True
1005773,13,7708.153846153846,100206,7,0,701442.0,True
1005781,13,8932.923076923076,116128,7,0,812895.9999999999,True
1005783,22,7487.227272727273,164719,6,0,988314.0,True
1005784,14,8014.285714285715,112200,6,0,673200.0,True
1005796,17,7043.35294117647,119737,6,0,718422.0,True
1005800,14,9262.142857142857,129670,8,0,1037360.0,True
1005802,22,9356.681818181818,205847,9,0,1852623.0,True
1005804,11,6472.727272727273,71200,5,0,356000.0,True
1005810,7,11478.57142857143,80350,4,0,321400.0,True
1005814,17,10421.764705882353,177170,9,0,1594530.0,True
1005816,23,8058.95652173913,185356,11,0,2038916.0,True
1005817,14,10386.785714285714,145415,6,0,872490.0,True
1005818,18,8286.166666666666,149151,8,0,1193208.0,True
1005819,17,13479.411764705883,229150,4,0,916600.0,True
1005828,14,6957.285714285715,97402,7,0,681814.0,True
1005834,17,8426.882352941177,143257,6,0,859542.0,True
1005835,17,9566.588235294117,162632,8,0,1301056.0,True
1005839,13,11384.0,147992,8,0,1183936.0,True
1005859,19,9238.052631578947,175523,7,0,1228661.0,True
1005863,13,10414.615384615385,135390,6,0,812340.0,True
1005866,15,10830.4,162456,10,0,1624560.0,True
1005867,17,10065.882352941177,171120,7,0,1197840.0,True
1005876,12,10287.083333333334,123445,4,0,493780.0,True
1005877,13,10941.538461538461,142240,8,0,1137920.0,True
1005883,14,8236.142857142857,115306,8,0,922448.0,True
1005898,16,10411.625,166586,6,0,999516.0,True
1005899,11,8407.363636363636,92481,6,0,554886.0,True
1005901,18,8396.055555555555,151129,6,0,906774.0,True
1005904,8,9188.0,73504,4,0,294016.0,True
1005909,17,7595.058823529412,129116,6,0,774696.0,True
1005918,13,11874.23076923077,154365,7,0,1080555.0,True
1005919,22,6605.363636363636,145318,9,0,1307862.0,True
1005923,20,10361.7,207234,6,0,1243404.0,True
1005932,15,10074.333333333334,151115,5,0,755575.0,True
1005934,22,9227.863636363636,203013,7,0,1421091.0,True
1005935,22,7788.954545454545,171357,5,0,856785.0,True
1005941,18,10527.277777777777,189491,9,0,1705419.0,True
1005944,15,3599.733333333333,53996,6,0,323976.0,True
1005945,19,8439.78947368421,160356,6,0,962136.0,True
1005962,16,13619.375,217910,5,0,1089550.0,True
1005965,23,8192.826086956522,188435,9,0,1695915.0,True
1005967,13,10476.076923076924,136189,6,0,817134.0,True
1005979,20,8269.3,165386,6,0,992316.0,True
1005983,19,12187.315789473685,231559,5,0,1157795.0000000002,True
1005984,16,13308.0625,212929,6,0,1277574.0,True
1005993,18,7223.444444444444,130022,11,0,1430242.0,True
1006012,16,7995.0,127920,6,0,767520.0,True
1006017,18,8901.666666666666,160230,8,0,1281840.0,True
1006029,17,9260.941176470587,157436,7,0,1102052.0,True
1006034,12,16423.833333333332,197086,5,0,985430.0,True
1006038,12,7502.833333333333,90034,4,0,360136.0,True
